"DESCRIPTION","DURATION IN MS","NAME","PARENT SUITE","START TIME","STATUS","STOP TIME","SUB SUITE","SUITE","TEST CLASS","TEST METHOD"
"","96","Validar estrutura do JSON da resposta","API Trello - Cenários Positivos","2026-09-30","passed","2026-09-30","","","",""
"","4263","Atualizar quantidade e valor ao adicionar produto já existente no carrinho","Validar carrinho de compras","2026-09-30","failed","2026-09-30","","","",""
"","4242","Busca com termo vazio","Pesquisa de produtos existentes e inexistente","2026-09-30","failed","2026-09-30","","","",""
"","4294","Login com credenciais inválidas","Login válido e inválido","2026-09-30","failed","2026-09-30","","","",""
"","4258","Remover produto do carrinho","Validar carrinho de compras","2026-09-30","failed","2026-09-30","","","",""
"","457","Validar média do tempo de resposta","API Trello - Cenários Positivos","2026-09-30","passed","2026-09-30","","","",""
"","256","**Teste Falho de propósito**","Validar carrinho de compras","2026-09-30","broken","2026-09-30","","","",""
"","4282","Cadastro de novo usuário com dados únicos","Login válido e inválido","2026-09-30","failed","2026-09-30","","","",""
"","121","Validar campos obrigatórios da resposta","API Trello - Cenários Positivos","2026-09-30","passed","2026-09-30","","","",""
"","82","Enviar método não permitido para a action do Trello","API Trello - Cenários Negativos","2026-09-30","passed","2026-09-30","","","",""
"","104","Validar tipos dos campos da resposta","API Trello - Cenários Positivos","2026-09-30","passed","2026-09-30","","","",""
"","101","Validar o ID retornado pela API","API Trello - Cenários Positivos","2026-09-30","passed","2026-09-30","","","",""
"","4271","Logout após login válido","Login válido e inválido","2026-09-30","failed","2026-09-30","","","",""
"","75","Validar tempo de resposta para action inexistente","API Trello - Cenários Negativos","2026-09-30","passed","2026-09-30","","","",""
"","107","Validar tempo de resposta da API","API Trello - Cenários Positivos","2026-09-30","passed","2026-09-30","","","",""
"","235","Verificar login sem o parâmetro email","API de verificação de login","2026-09-30","broken","2026-09-30","","","",""
"","197","Consultar action inexistente","API Trello - Cenários Negativos","2026-09-30","passed","2026-09-30","","","",""
"","134","Consultar API e validar nome na lista","API Trello - Cenários Positivos","2026-09-30","passed","2026-09-30","","","",""
"","225","Verificar login com credenciais inválidas","API de verificação de login","2026-09-30","broken","2026-09-30","","","",""
"","4612","Login com credenciais válidas","Login válido e inválido","2026-09-30","failed","2026-09-30","","","",""
"","4264","Busca é case-insensitive","Pesquisa de produtos existentes e inexistente","2026-09-30","failed","2026-09-30","","","",""
"","246","Validar Content-Type","API Trello - Cenários Positivos","2026-09-30","passed","2026-09-30","","","",""
"","4581","Pesquisa de produto existente","Pesquisa de produtos existentes e inexistente","2026-09-30","failed","2026-09-30","","","",""
"","4274","Login com e-mail não cadastrado","Login válido e inválido","2026-09-30","failed","2026-09-30","","","",""
"","650","Criar conta via API com dados únicos","API de criação de conta","2026-09-30","broken","2026-09-30","","","",""
"","4263","Adicionar dois produtos diferentes no carrinho","Validar carrinho de compras","2026-09-30","failed","2026-09-30","","","",""
"","441","Validar formato ISO da data","API Trello - Cenários Positivos","2026-09-30","passed","2026-09-30","","","",""
"","4761","Adicionar produto no carrinho vazio e validar quantidade e valor","Validar carrinho de compras","2026-09-30","failed","2026-09-30","","","",""
"","516","Verificar login com credenciais válidas","API de verificação de login","2026-09-30","broken","2026-09-30","","","",""
"","4254","Pesquisa de produto inexistente","Pesquisa de produtos existentes e inexistente","2026-09-30","failed","2026-09-30","","","",""
"","93","Validar tamanho máximo da resposta","API Trello - Cenários Positivos","2026-09-30","passed","2026-09-30","","","",""
